1,AGUILERA INTERNACIONAL,SUCRE 01-08 Y EMILIANO ORTEGA,Primera,2584660,EXT. 123,ricar2aguilera@hotmail.com,Hostal,Alojamiento,
2,ALBORADA,SUCRE 12-91 Y LOURDES,Tercera,2587765,,hotelalborada@hotmail.es,Hostal,Alojamiento,
3,AMÉRICA,18 DE NOVIEMBRE 04-84 E IMBABURA ,Primera,,2562887,hostal.america@gmail.com,Hostal,Alojamiento,
4,CASA LOJANA LA ,AV. ZOILO RODRIGUEZ 308 Y PARIS,Primera,2585985,2585984,casalojanahotel@utpl.edu.ec,Hostal,Alojamiento,
5,CENTRAL PARK,10 DE AGOSTO Y BOLIVAR ESQ.,Primera,,2561103,,Hostal,Alojamiento,
6,DELBUS,AV. 8 DE DICIEMBRE Y JUAN JOSE FLORES,Primera,2575100,2572297,hoteldelbus@gmail.com,Hostal,Alojamiento,
7,DEL VALLE,AV. SALVADOR BUSTAMANTE CELI Y STA ROSA,Segunda,2587967,,,Hostal,Alojamiento,
8,LIRIOS LOS,JOSÉ MA. PEÑA E MIGUEL RIOFRÍO Y ROCAF.,Tercera,2588563,2574651,,Hostal,Alojamiento,
9,LOJA,ROCAFUERTE 15-39 E/ SUCRE Y 18 NOVIEMBRE,Tercera,2570241,,,Hostal,Alojamiento,
10,BERLIN,18 DE NOVIEMBRE Y GONZANAMA,Tercera,2562275,,,Hostal Residencia,Alojamiento,
11,CHANDELIER,IMBABURA 14-82 E/ SUCRE Y BOLIVAR,Tercera,2563061,2578233,chandelierhotel@hotmail.com,Hostal Residencia,Alojamiento,
12,GAVIOTA AZUL,AV. 8 DE DICIEMBRE  15-44 Y AV. ISIDRO AYORA,Tercera,,2575524,,Hostal Residencia,Alojamiento,
13,HIDALGO,LAURO GUERRERO Y 10 DE AGOSTO,Tercera,2560174,,,Hostal Residencia,Alojamiento,
14,INCA,AV. UNIVERSITARIA 08-24 Y 10 DE AGOSTO,Segunda,2571415,,,Hostal Residencia,Alojamiento,
15,INTERNACIONAL,10 DE AGOSTO 15-28 18 NOVIEMBRE Y SUCRE,Tercera,2578486,,,Hostal Residencia,Alojamiento,
16,LONDRES,SUCRE 07-51 Y 10 DE AGOSTO,Tercera,2561936,,,Hostal Residencia,Alojamiento,
17,MARBELLA,AV. ISIDRO AYORA Y OCHO DE DICIEMBRE,Tercera,2577002,,,Hostal Residencia,Alojamiento,
18,MERCADILLO,OLMEDO 12-26 Y MERCADILLO,Tercera,2561003,,,Hostal Residencia,Alojamiento,
19,METROPOLITANO,18 NOVIEMBRE 06-31 E/ COLON Y JOSE ANTNIO EGUIGUREN,Tercera,2570007,,hals_martinez2000@yahoo.es,Hostal Residencia,Alojamiento,
20,ORQUIDEAS,BOLIVAR 08-59 Y 10 DE AGOSTO,Tercera,,2587008,hlorquideasloja@hotmail.com,Hostal Residencia,Alojamiento,
21,PEÑA LA,AV. CUXIBAMBA Y LAUTARO LOAIZA,Tercera,2560760,,,Hostal Residencia,Alojamiento,
22,PRIMAVERA,COLON 1650 Y 18 NOVIEMBRE,Tercera,,,,Hostal Residencia,Alojamiento,
23,PUCARA,AZUAY E/ AV. LAURO GUERRERO E IBEROAM.,Tercera,2578683,,,Hostal Residencia,Alojamiento,
24,SAN LUIS,SUCRE 04-62 E/ IMBABURA Y QUITO,Tercera,,2570370,jicastillo1960@hotmail.com,Hostal Residencia,Alojamiento,
25,SUMAQ,10 DE AGOSTO Y AV. MANUEL AGUSTÍN AGUIRRE,Tercera,,,,Hostal Residencia,Alojamiento,
26,UNIHOTEL,LOURDES 15-45 E/ SUCRE Y 18 DE NOVIEMBRE,Tercera,,2570773,,Hostal Residencia,Alojamiento,
27,BOMBUSCARO,10 DE AGOSTO Y AV. UNIVERSITARIA,Primera,2577021,2570136,bombus@bombuscaro.com.ec,Hotel,Alojamiento,
28,CASTELLANA LA ,LAURO GUERRERO E/ AZUAY Y MIGUEL RIOFRÍO,Segunda,2573790,2585592,,Hotel,Alojamiento,
29,CRISTAL PALACE,AV. UNIVERSITARIA Y ROCAFUERTE,Segunda,2574700,2574682,info@cristalpalace-hotel.com,Hotel,Alojamiento,
30,FLOY'S INTERNACIONAL ,18 DE NOVIEMBRE E/ JOSÉ FÉLIX DE VALDIVIESO Y QUITO,Segunda,2573821,2574922,hotelfloysinternacional@hotmail.com,Hotel,Alojamiento,
31,GRAND HOTEL LOJA,AV. MANUEL AGUSTIN AGUIRRE  Y ROCAFUERTE,Primera,2586600,2575202,info@grandhotelloja.com,Hotel,Alojamiento,www.grandhotelloja.com
32,GRAND VICTORIA ,BERNARDO VALDIVIESO 06-50 Y JOSE ANTONIO EGUIGUREN,Lujo,,2583500,ventas@grandvictoriavh.com,Hotel,Alojamiento,www.grandvictoriavh.com
33,HOWARD JOHNSON (LOJA),AV. ZOILO RODRÍGUEZ Y ANTISANA,Lujo,,2589000,gerencia@hojoloja.com,Hotel,Alojamiento,www.ghlhoteles.com
34,JARDINES DEL RÍO,AV. PÍO JARAMILLO 25-25 Y KLEPER,Primera,,2546735,,Hotel,Alojamiento,
35,LIBERTADOR,COLON 14-30 Y BOLIVAR,Primera,2572119,2560779,reservas@hotellibertador.com.ec,Hotel,Alojamiento,www.hotellibertador.com.ec
36,PODOCARPUS,JOSE A. EGUIGUREN16-50 Y 18 DE NOVIEMBRE,Segunda,2581428,2584912,info@hotelpodocarpus.com.ec,Hotel,Alojamiento,
37,PRADO  INTERNACIONAL,ROCAFUERTE Y AV. MANUEL AGUSTIN AGUIRRE,Primera,2587077,2589290,info@hotelprado.com.ec,Hotel,Alojamiento,
38,QUO VADIS ,AV. ISIDRO AYORA Y AV. 8 DE DICIEMBRE,Primera,2581805,2563216,administraciónhqv@gmail.com,Hotel,Alojamiento,
39,RAMSES,COLON 14-31 Y BOLIVAR,Primera,2571402,2562290,ramses_hotel@hotmail.com,Hotel,Alojamiento,
40,SARAGURO'S INTERNACIONAL,AV. UNIVERSITARIA 07-34 Y JOSÉ ANTONIO EGUIGUREN,Tercera,2570552,,,Hotel,Alojamiento,
41,VILCABAMBA,AV. MANUEL AGUSTIN AGUIRRE Y PASAJE LA FEUE,Primera,2573393,2561483,hotelvilcabambaloja@hotmail.com,Hotel,Alojamiento,
42,ZAMORANO REAL,MIGUEL RIOFRÍO 14-62 E/ SUCRE Y BOLIVAR,Primera,2570921,2570923,hotelzamoranoenloja@gmail.com,Hotel,Alojamiento,
43,AMERICANO,10 DE AGOSTO 16-44 Y AV. UNIVERSITARIA,Cuarta,2570301,,,Hotel Residencia,Alojamiento,
44,CARIBE,ROCAFUERTE 15-52 Y 18 NOVIEMBRE,Tercera,,2572902,,Hotel Residencia,Alojamiento,
45,CARRION,COLON 16-36 Y 18 NOVIEMBRE,Tercera,2575429,2584548,vicenteagu@hotmail.com,Hotel Residencia,Alojamiento,
46,MIRAFLORES,10 DE AGOSTO 16-71 Y UNIVERSITARIA,Tercera,,2570059,luishotelmiraflores@hotmail.com,Hotel Residencia,Alojamiento,
47,PARIS,10 DE AGOSTO Y 18 DE NOVIEMBRE,Tercera,2561639,2570146,hparisloja@hotmail.com,Hotel Residencia,Alojamiento,
48,SAN ANDRES,MIGUEL RIOFRIO 1821 Y LAURO GUERRERO,Tercera,2563850,,,Hotel Residencia,Alojamiento,
49,QUINTA MONTAÑA,COLINAS DEL NORTE - BATALLA DE TARQUI Y BATALLA DE BOYACA,Segunda,,2540851,plateriagales@yahoo.es,Hostería,Alojamiento,
50,ALMA GEMELA,"BARRIO SÁN JOSÉ DE CARIGÁN, VÍA DE INTEGRACIÓN BARRIAL",Primera,93866661,,almagemela6969@hotmail.com,Motel,Alojamiento,
51,CASI KE NO,AV. PADRE SOLADO KM. 4 1/2 VÍA A CUENCA,Primera,2579091,3026017,,Motel,Alojamiento,
52,CUPIDO,KM. 4 VIA CUENCA,Segunda,2541513,,,Motel,Alojamiento,
53,ECLIPSE,KM. 3 1/2 VIA CUENCA,Primera,2540009,,,Motel,Alojamiento,
54,EGGOOS,AV. PADRE SOLADO KM. 4 1/2 VÍA A CUENCA,Tercera,,,,Motel,Alojamiento,
55,JARDINES LOS,AV. PADRE SOLANO (JUNTO AL REDONDEL DE CARIGAN) ,Tercera,2540972,,,Motel,Alojamiento,
56,LUNA AZUL,CARIGÁN- VIA DE INTEGRACION BARRIAL,Primera,94101227,,,Motel,Alojamiento,
57,PINOS LOS,KM. 7 1/2 VIA CUENCA,Tercera,,,,Motel,Alojamiento,
58,RODEO EL,KM. 4 1/2 VIA ZAMORA,Primera,97272391,,,Motel,Alojamiento,
59,CAVANA,8 DE DICIEMBRE 20-48 (FRENTE AL PARQUE JIPIRO),Tercera,2574222,,,Pensión,Alojamiento,
60,MENDOZA ,AV. UNIVERSITARIA Y 10 DE AGOSTO,Primera,,2582928,,Pensión,Alojamiento,
61,QUINARA,AV. UNIVERSITARIA Y 10 DE AGOSTO ESQ.,Tercera,,2570785,,Pensión,Alojamiento,
62,RIVIERA,AV UNIVERSITARIA 08-10 Y 10 DE AGOSTO,Segunda,2572863,,,Pensión,Alojamiento,
63,SAN LUIS N°2,SUCRE E/ JUAN DE SALINAS Y JOSÉ FÉLIX DE VALDIVIESO,Tercera,2586042,,,Pensión,Alojamiento,
64,VALLTO,GUARANDA 1345 Y GRAN COLOMBIA,Segunda,2563620,,,Pensión,Alojamiento,
65,200 MILLAS,JUAN J PENA 07-41 Y 10 DE AGOSTO,Segunda,2573563,,,Restaurante,Alimentación,
66,APETITTO CAFÉ,18 DE NOVIEMBRE 15-20 Y CARIAMANGA,Tercera,2578919,81176975,diegominchala@hotmail.com,Restaurante,Alimentación,
67,APPLE RICH,18 DE NOVIEMBRE s/n Y JOSÉ FÉLIX DE VALDIVIESO,Tercera,2560022,,santiafho@hotmail.com,Restaurante,Alimentación,
68,ARENA Y MAR,CARIAMANGA Y 18 DE NOVIEMBRE ,Tercera,2574989,,,Restaurante,Alimentación,
69,ASADOS EL SAFARI,AV. PABLO PALACIOS A 50 MTS. GASOLINERA,Tercera,97830263,,,Restaurante,Alimentación,
70,ASADOS MI CASA,AV. UNIVERSITARIA Y JOSE ANTONIO E.,Tercera,2578485,,,Restaurante,Alimentación,
71,ASADOS MI CASA SUC.,MERCADILLO E/ SUCRE Y BOLÍVAR,Tercera,2578524,,,Restaurante,Alimentación,
72,BARBACOA PARRILLADAS,MACARÁ Y LOURDES,Segunda,2562831,,,Restaurante,Alimentación,
73,BIG CHICKEN,CATAMAYO 13-38 E/ CIPRÉS Y ACACIA,Tercera,2562373,85348168,,Restaurante,Alimentación,
74,BIG MAC'S,ROCAFUERTE E/ OLMEDO Y JUAN JOSÉ PEÑA ,Tercera,2545429,,milymoncayo@yahoo.es,Restaurante,Alimentación,
75,BOCADILLOS TINIZARAY,DANIEL ÁLVAREZ BURNEO Y AV. ORILLAS DEL ZAMORA,Tercera,2583732,96868827,,Restaurante,Alimentación,
76,BOHIO'S ,BOLVIAR Y LOURDES ESQUINA,Tercera,89703911,,dyanytam27@hotmail.com,Restaurante,Alimentación,
77,BOHIO'S (SUCURSAL I),JOSE ANTONIO EGUIGUREN 14-70 Y SUCRE,Tercera,89703911,,dyanytam27@hotmail.com,Restaurante,Alimentación,
78,BRASA LA,ROCAFUERTE 1317 Y AV. MANUEL AGUSTÍN AGUIRRE,Tercera,2571381,,,Restaurante,Alimentación,
79,BRASA LA  SUC. 1,SALVADOR BUSTAMENTE CELI  Y AGUSTÍN LARA  Esq. BARRIO LA PAZ,Tercera,2582467,,,Restaurante,Alimentación,
80,BRASA LA SUC. 2,ROCAFUERTE Y LAURO GUERRERO,Tercera,2563334,,,Restaurante,Alimentación,
81,BRAZZUKA GRILL,AV. PÍO JARAMILLO ALVARADO Y  ARGENTINA,Segunda,2562414,,,Restaurante,Alimentación,
82,BUDA,JOSÉ F. DE VALDIVIESO 03-12 Y 18 DE NOVIEMBRE,Primera,2561101,,pmtp1970@yahoo.es,Restaurante,Alimentación,
83,CAFÈ LOJANO EL,LOURDES Y BOLÌVAR,Cuarta,S/N,,,Restaurante,Alimentación,
84,CAMINO REAL ,AV. ISIDRO AYORA Y AV. 8 DE DICIEMBRE,Tercera,2561810,,,Restaurante,Alimentación,
85,CARBONERO EL ,AV. 24 DE MAYO Y MIGUEL RIOFRÍO ,Segunda,,,,Restaurante,Alimentación,
86,CASA DE MAX PARRILLA RESTAURANT LA,24 DE MAYO Y JOSÉ ANOTONIO EGUIGUREN,Segunda,,95114073,,Restaurante,Alimentación,
87,CASASOL,AV.24 DE MAYO Y JOSÉ ANTONIO EGUIGUREN,Segunda,2588597,,casasol_loja@hotmail.com,Restaurante,Alimentación,
88,CASCADA LA,SUCRE 13-01 Y LOURDES,Segunda,2570834,,leomobri_66@hotmail.com,Restaurante,Alimentación,
89,CEBICHES DE LA RUMIÑAHUI  LOS,IMBABURA Y OLMEDO,Segunda,91406531,,loscebichesdelarumunahui_loja@hotmail.com,Restaurante,Alimentación,
90,"CECINAS LA "" Y "" ",JUAN DE SALINAS Y ZOILO RODRIGUEZ,Cuarta,2574660,,,Restaurante,Alimentación,
91,CH FARINA ,AV. ORILLAS DEL ZAMORA Y GUAYAQUIL,Segunda,2581819,,,Restaurante,Alimentación,
92,CHIFA LI,JOSÉ ANTONIO E. Y 18 DE NOVIEMBRE ,Tercera,2577150,,,Restaurante,Alimentación,
93,CHIFA ORIENTAL,AV. IBEROAMERICA Y AZUAY,Cuarta,2582492,,,Restaurante,Alimentación,
94,CHIFA XUAN,18 DE NOVIEMBRE E/MERCADILLO Y AZUAY,Tercera,099579558,,,Restaurante,Alimentación,
95,CHIFA ZHANG´S,JOSE FELIX DE V E/ 18 DE NOVIEMBRE Y SUCRE,Segunda,93801524,,,Restaurante,Alimentación,
96,CHINITO EL,AV. NUEVA LOJA Y YAGUACHI,Segunda,2582161,,,Restaurante,Alimentación,
97,COFFEE BRAKE,SUCRE 12-66 E/ LOURDES Y MERCADILLO,Tercera,80575273,,marisol_0019@hotmail.com,Restaurante,Alimentación,
98,COMIDAS CRIOLLITAS (Matriz),MANUEL AGUSTIN AGUIRRE Y ROCAFUERTE,Tercera,2573863,,,Restaurante,Alimentación,
99,COMIDAS CRIOLLITAS (Sucursal),COLÓN e/AV.UNIVERSITARIA Y 18 DE NOVIEMBRE,Tercera,2573863,,,Restaurante,Alimentación,
100,COMIDILLA LA,AV. MANUEL AGUSTÍN AGUIRRE,Segunda,2588627,,,Restaurante,Alimentación,
101,CUBA EVENTOS,LOURDES Y MACARÁ,Cuarta,2572266,94066664,,Restaurante,Alimentación,
102,CUEVA DEL CANGREJO LA,AV. ORILLAS DEL ZAMORA Y SEGUNDO PUERT.,Tercera,2561214,,,Restaurante,Alimentación,
103,CUINA LA,JORGE HUGO RENGEL 08-80 Y EDUARDO UNDA,Tercera,2575637,99168085,pepe04_ort@hotmail.com,Restaurante,Alimentación,
104,DELFINES LOS,JUAN JOSE PEÑA Y 10 DE AGOSTO,Cuarta,2560476 - 095771784,,vengaboys2002@hotmail.com,Restaurante,Alimentación,
105,DELI CHICKEN ,AV. 8 DE DICIEMBRE 22-45 Y DIEGO DE NOVOA,Tercera,2578013,,edgaruli100@yahoo.es,Restaurante,Alimentación,
106,DONG XING,24 DE MAYO E/ JOSE A. EGUIGUREN Y 10 DE AGOSTO,Tercera,85886609,,fernando-12@hotmail.es,Restaurante,Alimentación,
107,ECUATORIANÍSIMA,24 DE MAYO 10-56 Y AZUAY,Segunda,2560212,86831364,,Restaurante,Alimentación,
108,ECUATORIANÍSIMA SUC. 1,24 DE MAYO 04-96 Y SEGUNDO CUEVA CELI,Tercera,85188369,,,Restaurante,Alimentación,
109,FAISAN  EL (Suc.),TERMINAL TERRESTRE,Tercera,2587982,,,Restaurante,Alimentación,
110,FAISAN BURGUER,10 DE AGOSTO Y LAURO GUERRERO,Tercera,96276425,,,Restaurante,Alimentación,
111,FAISAN PRINCIPAL ,10 DE AGOSTO Y LAURO GUERRERO,Tercera,2571455,,,Restaurante,Alimentación,
112,FOGATA LA,18 DE NOVIEMBRE E/ COLÓN E IMBABURA,Tercera,8574098,93023047,,Restaurante,Alimentación,
113,FOGÓN GRILL,18 DE NOVIEMBRE Y GOBRNACIÓN DE MAINAS,Segunda,93905437,,,Restaurante,Alimentación,
114,FORNO DI FANGO,24 DE MAYO Y AZUAY ESQ.,Segunda,2582905,2576474,fornodifango@hotmail.com,Restaurante,Alimentación,
115,FRONTERIZO,ARGENTINA Y BOLÍVIA ,Tercera,2562561,,,Restaurante,Alimentación,
116,GUABO EL ,18 DE NOVIEMBRE 15-19 E CARIAMANGA Y CELICA,Tercera,2581109,,,Restaurante,Alimentación,
117,GUSY PRINCIPAL,AV. MANUEL AGUSTIN AGUIRRE Y COLÓN,Segunda,2573654,,hernan_dm@hotmail.es,Restaurante,Alimentación,
118,HAMZA SHAWARMA Y PIPA,MERCADILLO E/ BOLÍVAR Y SUCRE,Tercera,88051908,,,Restaurante,Alimentación,
119,HAPPY CHICKEN,18 DE NOVIEMBRE Y MERCADILLO,Tercera,2587076,2561163dom,,Restaurante,Alimentación,
120,HERMANOS LOS ,AZUAY E/ 18 DE NOVIEMBRE Y AV. UNIVERSITARIA,Tercera,85063265,,riedabaja@hotmail.com,Restaurante,Alimentación,
121,HONG KONG ,J.A. EGUIGUREN 17-30 Y AV. IBEROAMERICA,Tercera,2582492,,,Restaurante,Alimentación,
122,ÍDOLO EL,BERNARDO VALDIVIESO E/CARIAMANGA Y CATACOCHA ,Tercera,2586949,,,Restaurante,Alimentación,
123,JANDRY,AV. 8 DE DICIEMBRE (TERMINAL T).,Tercera,2575025,2561484,jandryjaramillo@hotmail.com,Restaurante,Alimentación,
124,JHANCRIS,MACHALA Y ANCÓN,Tercera,2541375,,,Restaurante,Alimentación,
125,KFC,18 DE NOVIEMBRE Y GOBERNACIÓN MAINAS,Primera,2573215,,kfck69@kfc.com,Restaurante,Alimentación,
126,KRUSTÁCEO EL ,AV. NUEVA LOJA Y AV. GUAYAQUIL,Tercera,93732631,82664712,,Restaurante,Alimentación,
127,LOLITA,AV.  SALVADOR B. CELI Y GUAYAQUIL,Cuarta,2575603,,,Restaurante,Alimentación,
128,LOXA,LOURDES S/N Y MACARÁ,Tercera,99529447,83128124,,Restaurante,Alimentación,
129,MAGICO SABOR,10 DE AGOSTO 1725 Y AV UNIVERSITARIA,Tercera,,99112662,,Restaurante,Alimentación,
130,MAGO REY EL,AV. UNIVERSITARIA 260 E/ MERCADILLO Y LOURDES,Tercera,2588097,90015874,,Restaurante,Alimentación,
131,MAMA LOLA ,AV. SALVADOR BUSTAMANTE CELI Y SANTA ROSA,Segunda,572380,,,Restaurante,Alimentación,
132,MANANTIAL,BOLÍVAR 11-38 Y MERCADILLO,Cuarta,86682250,,,Restaurante,Alimentación,
133,MANGGIATA,10 DE AGOSTO Y JUAN JOSÉ PEÑA,Segunda,2585772,,,Restaurante,Alimentación,
134,MANILA,AZUAY 14-63 Y 18 DE NOVIEMBRE ,Cuarta,2573598,,,Restaurante,Alimentación,
135,MAR ROJO,AV. ORILLAS DEL ZAMORA 07-22 Y 10 DE AGOSTO,Primera,2581803,,larias43@hotmail.com,Restaurante,Alimentación,
136,MAR Y CUBA,18 DE NOVIEMBRE Y GOBERNACIÓN DE MAINAS,Segunda,2571139,,,Restaurante,Alimentación,
137,MAY WOK,18 DE NOVIEMBRE Y GOBERNACIÓN DE MAINAS,Segunda,2571139,,,Restaurante,Alimentación,
138,MERO MERO A LO,SUCRE Y COLON,Cuarta,,,,Restaurante,Alimentación,
139,MI CASITA,MIGUEL RIOFRÍO Y 18 DE NOVIEMBRE,Tercera,93376254,,,Restaurante,Alimentación,
140,MI CUCHITO,JOSÉ A. EGUIGUREN 07-10 Y AV. UNIVERSITARIA,Tercera,96866248,,,Restaurante,Alimentación,
141,MI POLLITO,18 DE NOVIEMBRE Y MERCADILLO,Cuarta,2585076,,,Restaurante,Alimentación,
142,NIÑO JEREMMY ,PASAJE LA FEUE Y AV. MANUEL A. AGUIRRE,Tercera,88862372,,,Restaurante,Alimentación,
143,PARRILLADAS URUGUAYAS,JUAN DE SALINAS Y UNIVERSITARIA,Segunda,2570260,,,Restaurante,Alimentación,
144,PATIO DE ANTAÑO,10 DE AGOSTO 08-110 Y AV. ORILLAS DEL ZAMORA,Segunda,2586998,92717161,rami20026@hotmail.com,Restaurante,Alimentación,
145,PAVI POLLO Nº 2,MERCADILLO 14-99 BOLIVAR Y SUCRE,Tercera,2576150,,,Restaurante,Alimentación,
146,PAVI POLLO Nº 3,MERCADILLO Y SUCRE,Tercera,2557385,,,Restaurante,Alimentación,
147,PAVI POLLO PRINCIPAL,MERCADILLO 15-23 SUCRE Y 18 NOVIEMBRE,Tercera,2577385,2578924dom,marduqueosqa@hotmail.com,Restaurante,Alimentación,
148,PIO PIO,TERMINAL TERRESTRE,Segunda,2578826,,,Restaurante,Alimentación,
149,PIRATA CORDOVEZ EL ,AV. MANUEL CARRIÓN PINZANO Y ROCAFUERTE,Cuarta,93326743,,,Restaurante,Alimentación,
150,PIRATA EL,18 DE NOVIEMBRE Y JUAN DE SALINAS,Cuarta,2585862,,,Restaurante,Alimentación,
151,PIZZERIA ROMA (PRINC.),AV CUXIBAMBA 0016 Y LAUTARO LOAIZA,Tercera,2583520,,romapizzerialoja@hotmail.com,Restaurante,Alimentación,
152,PIZZERIA ROMA SUC. I,AV. 24 DE MAYO 08-71 Y 10 DE AGOSTO,Segunda,2562035,2572111,luiscuencan@hotmail.com,Restaurante,Alimentación,
153,PIZZERIA ROMA SUC. SUR,ALAMOR 14-39 Y AV. EDUARDO KINGMAN,Tercera,2578061,,,Restaurante,Alimentación,
154,PLAZA BOLÍVAR,18 DE NOVIEMBRE 04-84 E IMBABURA ,Cuarta,2584322,88886524,,Restaurante,Alimentación,
155,POLLOS EL JEFE  ,AV. MERCADILLO Y MANUEL JOSÉ AGUIRRE,Tercera,93895079,,,Restaurante,Alimentación,
156,POLLOS VIVANCO,AV. UNIVERSITARIA 07-24 Y 10 DE AGOSTO,Tercera,93702453,,,Restaurante,Alimentación,
157,PUYANGO,18 NOVIEMBRE 05-44 IMBABURA,Tercera,2577000,,,Restaurante,Alimentación,
158,RECREO EL,SALVADOR B. CELI Y CHONE,Tercera,2579248,,,Restaurante,Alimentación,
159,RICKY,MERCADILLO 12-28 Y JOSÉ MARÍA PEÑA,Segunda,2581264,2560399,,Restaurante,Alimentación,
160,RINCÓN  ZARUMEÑO EL,AZUAY 13-53 Y BOLÍVAR ,Tercera,2584019,99680022,,Restaurante,Alimentación,
161,RINCON DE BORGOÑA,PARQUE PUCARÁ DEL PODOCARPUS,Segunda,2577169,,,Restaurante,Alimentación,
162,RINCÓN DEL ÁNGEL,OLMEDO E/ROCAFUERTE  Y MIGUEL RIOFRÍO,Tercera,91019759,,,Restaurante,Alimentación,
163,RISCOMAR, ROCAFUERTE Y 24 DE MAYO,Segunda,2585154,2574965,danielvaldiviesoa@hotmail.com,Restaurante,Alimentación,
164,SABOR SABOR,AV. ORILLAS DEL ZAMORA Y GUAYAQUIL,Tercera,S/N,,,Restaurante,Alimentación,
165,SABORES DE COSTA Y SIERRA,AZUAY 16-15 Y 18 DE NOVIEMBRE,Tercera,80467317,,,Restaurante,Alimentación,
166,SAN FRANCISCO,KM. 2 VIA A YANACOCHA,Tercera,2574452,,jgsongor@gmail.com,Restaurante,Alimentación,
167,SANDY,AV. 8 DE DICIEMBRE Y JUAN JOSE FLORES,Segunda,2584474,,,Restaurante,Alimentación,
168,SANDY CENTRO,MERCADILLO Y BOLIVAR ,Segunda,2587800,,,Restaurante,Alimentación,
169,SANDY SUR,AV. PIO JARAMILLO ALVARADO Y G.M,Tercera,2587800,,,Restaurante,Alimentación,
170,SAZÓN LA,MERCADILLO 11-90 Y LAURO GUERRERO,Tercera,80207735,,,Restaurante,Alimentación,
171,SECRETO DEL SABOR EL ,BOLÍVAR 16-09 Y CARIAMANGA,Tercera,2572055,,,Restaurante,Alimentación,
172,STEAK HOUSE,BOLIÍVAR 15-15 Y CATACOCHA,Primera,2573896,,,Restaurante,Alimentación,
173,TAYOS LOS,SUCRE 06-55 Y JOSE A. EGUIGUREN,Tercera,2571245,,,Restaurante,Alimentación,
174,TAZA DE ORO LA,MIGUEL RIOFRÍO e/ SUCRE Y BOLIVAR,Tercera,2533422,,,Restaurante,Alimentación,
175,TENTADERO DE LA RIVIERA LOJANA,JUAN JOSÉ PEÑA E/ JOSÉ A.- EGUIGUREN Y COLÓN ,Tercera,2589867,,,Restaurante,Alimentación,
176,TIEZ'TO EL ,AV. UNIVERSITARIA 15-48 Y CARIAMANGA,Tercera,99438227,,,Restaurante,Alimentación,
177,TULLPA LA,COLÓN 15-83 Y 18 DE NOVIEMBRE,Tercera,2570210,,,Restaurante,Alimentación,
178,VEGETARIANO PARAISO,QUITO ENTRE SUCRE Y BOLIVAR,Tercera,2576977,,rveget.paraiso@hotmail.com,Restaurante,Alimentación,
179,PARRILLADAS DE CHALO,18 DE NOVIEMBRE Y GONZANAMÁ,Segunda,98442341,,,Restaurante,Alimentación,
180,ARTESANALE SUC. 1,JOSE ANTONIO E. 15-69 Y 18 DE NOVIEMBRE ,Primera,2570050,EXT. 204,junvidali@hotmail.com,Cafetería,Alimentación,
181,AROMA CAFÈ,BERNARDO VALDIVIESO Y 10 DE AGOSTO,Tercera,2562176,94812949,jmarisol87@hotmail.com,Cafetería,Alimentación,
182,AROMA EL,JOSE A. EGUIGUREN 14-20 E/ SUCRE Y 18 DE NOVIEMBRE,Tercera,2583361,,,Cafetería,Alimentación,
183,ARTESANALE,10 DE AGOSTO E/ BOLIVAR Y SUCRE,Segunda,2570050,EXT. 203,,Cafetería,Alimentación,
184,ARTESANALE SUC. 2,SUPERMAXI,Segunda,2562253,EXT. 202,,Cafetería,Alimentación,
185,ARTESANALE SUC. 3,24 DE MAYO Y AV. ORILLAS DEL ZAMORA,Segunda,2570050,EXT. 201,,Cafetería,Alimentación,
186,BO CAFÉ,JOSE ANTONIO E. Y JUAN JOSÈ PEÑA,Tercera,85245619,,,Cafetería,Alimentación,
187,CAFÉ ARTE PUERTA DE LA CIUDAD,GRAN COLOMBIA (PUERTA DE LA CIUDAD),Tercera,2588276,,,Cafetería,Alimentación,
188,CAFÉ DEL MUSEO DE LA MÚSICA EL,BERNARDO VALDIVIESO 09-14 Y ROCAFUERTE,Segunda,2561342,,alexalupita1979@hotmail.com,Cafetería,Alimentación,
189,CALÓ,BERNARDO VALDIVIESO 06-44/ JOSE A. EGUIGUREN Y COLON,Tercera,560023,94919769,betsymabra@yahoo.es,Cafetería,Alimentación,
190,CARDAMOM  CAFÉ,AV. EDUARDO KIGMAN  Y AMALUZA,Tercera,80649497,,,Cafetería,Alimentación,
191,COFFE HOUSE,SUCRE 10-06 Y MIGUEL RIOFRÍO ESQUINA,Segunda,82661066,94801378,,Cafetería,Alimentación,
192,CON AROMA,Av. UNIVERSITARIA Y CATACOCHA,Tercera,88873143,,,Cafetería,Alimentación,
193,CUNA DE ARTISTAS,BOLÍVAR 09-85 Y MIGUEL RIOFRÍO,Segunda,94280390,,andymusica1@hotmail.com,Cafetería,Alimentación,
194,D'CARPIO,MIGUEL RIOFRÍO  12-15 Y OLMEDO,Tercera,2582432,,temis2020@hotmail.es,Cafetería,Alimentación,
195,DON PEPE,BERNARDO VALDIVIESO Y MIGUEL RIOFRIO,Tercera,2571130,,,Cafetería,Alimentación,
196,FANÁTICOS ,18 DE NOVIEMBRE Y CELICA ,Segunda,94995373,,fanaticosloja@gmail.com,Cafetería,Alimentación,
197,LINBURGUER,10 DE AGOSTO 06-08 Y JUAN J PENA esq.,Tercera,2583488,,,Cafetería,Alimentación,
198,LUZ VICTORIA,LAURO GUERRERO 14-15 Y VENEZUELA,Tercera,2561788,87592919,,Cafetería,Alimentación,
199,MAREST,BERNARDO VALDIVIESO 07-50 E/ 10 DE AGOSTO Y JOSE A. EGUIGUREN,Primera,2560752,92460004,taeliz765@yahoo.es,Cafetería,Alimentación,
200,MIMO'S CAFÉ DE LA CASA,BOLIVAR 07-77 Y 10 DE AGOSTO,Segunda,2587083,,,Cafetería,Alimentación,
201,RUSKINA,SUCRE 07-48 Y 10 DE AGOSTO ,Primera,2562053,,,Cafetería,Alimentación,
202,SABOR DE LA OLLA CRIOLLA EL ,BOLÍVAR E/ MIGUEL RIOFRÍO Y AZUAY,Tercera,98114462,,,Cafetería,Alimentación,
203,SENDERO EL,BOLÍVAR E/ MERCADILLO Y LOURDES,Segunda,2578602,,,Cafetería,Alimentación,
204,SINAí,ROCAFUERTE ENTRE BOLIVAR Y BERNARDO V.,Tercera,2575827,,,Cafetería,Alimentación,
205,TAMAL LOJANO,18 NOVIEMBRE E IMBABURA ESQ.,Segunda,2582977,2588521,eltamallojano@hotmail.com,Cafetería,Alimentación,
206,TAMAL LOJANO (SUCURSAL),AV. 24 DE MAYO 11-74 E/AZUAY Y MERCADILLO,Segunda,2582977,87720637,eltamallojano@hotmail.com,Cafetería,Alimentación,
207,THE GEO'S,SUCRE 11-52 E/ AZUAY Y MERCADILLO,Tercera,99082592,,joha1202981@hotmail.com,Cafetería,Alimentación,
208,THE NEW COFFEE,SUCRE 07-65 Y 10 DE AGOSTO,Segunda,2579652,,hectorcj@hotmail.es,Cafetería,Alimentación,
209,VIEJO MINERO,SUCRE 10-76 Y AZUAY,Tercera,2585878,84114170,bayron_hidalgo1983@hotmail.com,Cafetería,Alimentación,
210,WINONA CAFÉ,MIGUEL RIOFRÍO 11-68 e/ OLMEDO Y JUAN JOSÉ PEÑA,Tercera,,,exsisten@yahoo.es,Cafetería,Alimentación,
211,ALPES LOS,AV. ORILLAS DEL ZAMORA Y GUAYAQUIL (HIPERVALLE),Segunda,2573877,,,Fuente de Soda,Alimentacion,
212,ALPES LOS FAST & DELICOUS (SUC),24 DE MAYO 08-50 Y ROCAFUERTE,Segunda,2573877,,pao_pilco@hotmail.com,Fuente de Soda,Alimentacion,
213,BEEF AND BEEF,SUCRE Y LOURDES,Segunda,2585104,99415955,multiserviciosjpla@hotmail.com,Fuente de Soda,Alimentacion,
214,BURGUER COSITAS RICAS,DANIEL ÁLVAREZ BURNEO Y  SEGUNDO CUEVA CELI,Tercera,2583028,,,Fuente de Soda,Alimentacion,
215,C.V BURGUER,BOLIVAR 14-91 E/ LOURDES Y CATACOCHA,Segunda,2573792,,panchocarrion@yahoo.com.ec,Fuente de Soda,Alimentacion,
216,CHABAQUITO´S,OLMEDO 13-84 e/ CATACOCHA Y LEOPOLDO PALACIOS,Tercera,,,,Fuente de Soda,Alimentacion,
217,CHESS BURGUER,MERCADILLO 14-65 Y SUCRE,Tercera,,86948593,,Fuente de Soda,Alimentacion,
218,DESSERT & COFFEE,BOLIVAR E/ 10 DE AGOSTO Y ROCAFUERTE,Segunda,2570603,,,Fuente de Soda,Alimentacion,
219,DISFRUTA,AV. ORILLAS DEL ZAMORA Y GUAYAQUIL,Segunda,,,,Fuente de Soda,Alimentacion,
220,D'LUCAS,SUCRE 10-06 Y 10 DE AGOSTO,Primera,2583187,,nena_avaa@yahoo.com,Fuente de Soda,Alimentacion,
221,ENCUENTROS,AV. GRAN COLOMBIA Y TENA,Tercera,86817796,,,Fuente de Soda,Alimentacion,
222,ESTACIÓN BURGUER LA ,AV. PÍO JARAMILLO ALVARADO 37-105 Y REINALDO ESPINOSA,Tercera,2545429,,andytorres822@hotmail.com,Fuente de Soda,Alimentacion,
223,FESTIVAL DEL YOGURT,RAMÓN PINTO Y 10 DE AGOSTO,Tercera,2583305,,,Fuente de Soda,Alimentacion,
224,HOT BURGUER,OLMEDO Y AZUAY,Tercera,2584185,,julyana22mt@hotmail.com,Fuente de Soda,Alimentacion,
225,JHON´S TOPSY,18 DE NOVIEMBRE E/ COLÓN Y J.A EGUIGUREN,Tercera,94887185,,,Fuente de Soda,Alimentacion,
226,JIMMY HUBER,10 DE AGOSTO 10-52 Y 24 DE MAYO,Primera,2574565,,,Fuente de Soda,Alimentacion,
227,JUGO NATURAL,JOSE A. EGUIGUREN E/ BOLIVAR Y SUCRE,Segunda,2575256,,mianoc1@hotmail.com,Fuente de Soda,Alimentacion,
228,JUGOS FRUTAS Y ALGO MÁS,10 DE AGOSTO 12-19 Y BERNARDO VALDIVIESO,Tercera,82729769,,velizabe6@yahoo.es,Fuente de Soda,Alimentacion,
229,KING CHICKEN FAST FOOD,OLMEDO 07-45 Y 10 DE AGOSTO,Segunda,2582695,2582696,,Fuente de Soda,Alimentacion,
230,MAXI BURGER,PARAGUAY 20-35 Y ESPAÑA,Tercera,,,,Fuente de Soda,Alimentacion,
231,MAXXI PAPA,AV. PÍO JARAMILLO Y EMILIANO ORTEGA,Tercera,93871535,,jdvv50@hotmail.com,Fuente de Soda,Alimentacion,
232,NICE CREAM ,BOLÍVAR 13-15 E/ LOURDES Y MERCADILLO,Tercera,93683572,,lilybell16@hotmail.com,Fuente de Soda,Alimentacion,
233,PAPAKRUNCH,COLÓN 15-71 Y 18 DE NOVIEMBRE,Tercera,,,,Fuente de Soda,Alimentacion,
234,PAPARAZZI SOFT,AV. ORILLAS DEL ZAMORA Y GUAYAQUIL,Tercera,,,,Fuente de Soda,Alimentacion,
235,PAPITAS DEL SODA,BERNARDO VALDIVIESO  Y  AZUAY ,Tercera,2563342,,,Fuente de Soda,Alimentacion,
236,PAPITAS DEL SODA SUC.,JUAN JOSÉ PEÑA 09-07 E/ ROCAFUERTE Y MIGUEL RIOFRÍO,Segunda,2563342,,,Fuente de Soda,Alimentacion,
237,PARAISO DEL YOGURT,MERCADILLO E/SUCRE Y BOLIVAR,Tercera,85988407,90436913,paraisodelyogurt@hotmail.com,Fuente de Soda,Alimentacion,
238,PLACE FAST FOOD,PROL. AV 24 DE MAYO Y SEGUNDO CUEVA C.,Segunda,,,,Fuente de Soda,Alimentacion,
239,PLAZA INN,BOLIVAR 07-57 E/ 10 DE AGOSTO Y JOSE ANTONIO EGUIGUREN,Segunda,2560863,,mrodriguezquinonez@hotmail.com,Fuente de Soda,Alimentacion,
240,QUE PAPAS,AV. UNIVERSITARIA 16-24 Y CELICA,Tercera,2583580,,valesita.stf@hotmail.com,Fuente de Soda,Alimentacion,
241,RITACCO BROTHERS,AV. 24 DE MAYO Y SEGUNDO CUEVA CELI,Tercera,2582445,88460762,h88loyola@hotmail.com,Fuente de Soda,Alimentacion,
242,SHAWARMA,BOLÍVAR E/ MERCADILLO,Segunda,95566149,2562627,,Fuente de Soda,Alimentacion,
243,SIMBAD SHAWARMA,18 DE NOVIEMBRE 11-78 Y MERCADILLO,Tercera,93366326,,,Fuente de Soda,Alimentacion,
244,TOPOLI,BOLIVAR 13-78 Y MIGUEL RIOFRIO,Segunda,2588315,,,Fuente de Soda,Alimentacion,
245,TROPIBURGER,18 DE NOVIEMBRE Y GOBERNACIÓN DE MAINAS,Primera,2573280,244999,prot21@kfc.com.ec,Fuente de Soda,Alimentacion,
246,YOGURT EXPRESS,18 DE NOVIEMBRE Y 10 DE AGOSTO,Tercera,80321032,,,Fuente de Soda,Alimentacion,
247,YOGURT Y HELADOS,AV. ORILLAS DEL ZAMORA Y VICTOR VIVAR,Tercera,2583043,,luisreibanvallejo@gmail.com,Fuente de Soda,Alimentacion,
248,ANDINAEXPRESS,AV. UNIVERSITARIA 04-42 E IMBABURA Y QUITO,Primera,082808964,91722805,,Rentacar,Transporte,
249,ARRICAR,JOSÉ ANTONIO EGUIGUREN 10-54 Y 24 DE MAYO,Primera,2575574,93874276,arricarloja@hotmail.com,Rentacar,Transporte,
250,ARS RENT A CAR,AV. CUXIBAMBA Y TENA,Primera,2581582,,,Rentacar,Transporte,
251,BOMBUSCARO,10 DE AGOSTO Y AV. UNIVERSITARIA,Primera,2589293,,bombus@bombuscaro.com.ec,Rentacar,Transporte,
252,DÓLAR RENT A CAR,Av.LAURO GUERRERO Y VENEZUELA,Primera,2588001,,dolarrentacar_loja@yahoo.es,Rentacar,Transporte,
253,ECOTRANS INTERNACIONAL,AV. 8 DE DICIEMBRE Y JARAMIJO 12-75,Primera,2583707,,,Rentacar,Transporte,
254,EJECUTIVEXPRESS,JUAN DE SALINAS 14-56 E/ BOLÍVAR Y SUCRE,Primera,2577003,,male15@hotmail.es,Rentacar,Transporte,
255,LOCALIZA,AV. ISIDRO AYORA Y AV. NUEVA LOJA,Primera,2581729,,,Rentacar,Transporte,
256,QÛICK CHECK ,MANUEL ZAMBRAANO 19-23 E/ ARGENTINA Y CHILE,Primera,94832741,81912674,gerencia@quickcheckrc.com,Rentacar,Transporte,www.quickcheckrc.com.ec
257,RENTOUNO,,Primera,2545955,,,Rentacar,Transporte,
258,SCAPE,BERNARDO VALDIVIESO 02-41 Y JUAN DE SALINAS,Primera,2561554 - 099664588,,,Rentacar,Transporte,
259,SOMOSSUR YAHUARZONGO EXPLORER,MACARA 10-32 E/ MIGUEL RIOFRIO Y AZUAY,Primera,085086521/ 2561251,,carrion_hugo@yahoo.com,Rentacar,Transporte,
260,BEER FACTORI,BOLIVAR Y 10 DE AGOSTO,Segunda,2588986,,,Discoteca,Recreación y Ocio,
261,CHAMPAGNE,AZUAY 11-42 E/ OLMEDO Y JUAN JOSÉ PEÑA,Segunda,2561842,2589968,,Discoteca,Recreación y Ocio,
262,DE 2 KARAOKE PUB,BERNARDO V. Y JOSE FELIX DE VALDIVIESO,Segunda,2575777,,deividfernando@hotmail.com,Discoteca,Recreación y Ocio,
263,DISCO FIESTA,10 DE AGOSTO 1059 Y JUAN J PENA,Segunda,2578441,99486104,,Discoteca,Recreación y Ocio,
264,D'J.C,AV. PÍO JARAMILLO 21-50 E KENNEDY Y LINCON,Segunda,2547211,91669646,djcdisco@hotmail.com,Discoteca,Recreación y Ocio,
265,K'OS,AV. 8 DE DICIEMBRE Y GUAYAQUIL,Segunda,86690410,,luigidamian@hotmail.com,Discoteca,Recreación y Ocio,
266,LE PARADISE,MACARÁ e/ ROCAFUERTE Y MIGUEL RIOFRÍO,Segunda,2571284,,,Discoteca,Recreación y Ocio,
267,NOCHES DE PARIS,GARCIA MORENO Y GERONIMO CARRION,Segunda,2579914,,,Discoteca,Recreación y Ocio,
268,PALACE,JOSÉ FELIX DE VALDIVIESO Y BERNARDO VALDIVIESO,Segunda,,,,Discoteca,Recreación y Ocio,
269,REFUGIO EL ,ZAPOTILLO Y VIOLETAS,Segunda,2584171,,,Discoteca,Recreación y Ocio,
270,SHARWEST,MERCADILLO E/ SUCRE Y BOLÍVAR,Segunda,2563522,84166941,lojasharwest@hotmail.com,Discoteca,Recreación y Ocio,
271,SLAM,AZUAY ENTRE OLMEDO Y J.J PEÑA,Segunda,97637647,,,Discoteca,Recreación y Ocio,
272,SANTO REMEDIO PARA TANTO P.,MERCADILLO E/ BERNARDO V. Y BOLÍVAR,Segunda,,,,Discoteca,Recreación y Ocio,
273,THE MILL'S ,SUCRE 17-20 Y GONZANAMÁ,Segunda,2581553,,,Discoteca,Recreación y Ocio,
274,THE  APPLE,AV. 8 DE DICIEMBRE Y JARAMIJO,Segunda,99265800,,,Discoteca,Recreación y Ocio,
275,CADILLAC,AV. ZOILO RODRÍGUEZ Y 24 DE MAYO,Primera,2576880,84817757,,Bar,Recreación y Ocio,
276,FRIEND'S,LA SALLE AV. ORILLAS DEL ZAMORA ,Primera,2587490,,,Bar,Recreación y Ocio,
277,LEYENDA LA,CLODOVEO CARRIÓN Y AV. ZOILO RODRÍGUEZ,Primera,2582710,,,Bar,Recreación y Ocio,
278,MYSTICK,24 DE MAYO 06-13 Y JOSE ANTONIO EGUIGUREN,Primera,,2589851,mystick_loja@hotmail.com,Bar,Recreación y Ocio,
279,SEÑOR FEUDAL EL,SAN CAYETANO PARIS Y BRUSELAS,Primera,2586720,,,Bar,Recreación y Ocio,
280,VIP,AV. ZOILO RODRIGUEZ Y CLODOVEO CARRION   ,Primera,,,,Bar,Recreación y Ocio,
281,ABUELO BAR,BOLIVAR E/ MERCADILLO Y AZUAY,Segunda,,,,Bar,Recreación y Ocio,
282,CASA VIEJA MESÓN CULTURAL,ESMERALDAS Y DURÁN ESQUINA,Segunda,2576988,,manuelsalgadob@hotmail.com,Bar,Recreación y Ocio,
283,D´CLASS,AV. ORILLAS DEL ZAMORA Y VIRGILIO BARCA,Segunda,2575087,,,Bar,Recreación y Ocio,
284,LEO'S EXCLUSIVE CLUB,AV. PIO JARAMILLO Y KENNEDY,Segunda,,,,Bar,Recreación y Ocio,
285,MAYESTY ,OLMEDO  Y COLON ESQ.,Segunda,2545347,91307245,borrego.5@hotmail.com,Bar,Recreación y Ocio,
286,MY BAR,AV. ORILLAS DEL ZAMORA Y VIRGILIO ABARCA,Segunda,,2560694,ximena_17@hotmail.co.uk,Bar,Recreación y Ocio,
287,MUSIC BAR LOVE LOUNGE,ROCAFUERTE Y AV. ORILLAS DEL ZAMORA,Segunda,2577374,,lovebar@gmail.com,Bar,Recreación y Ocio,
288,UNICORNIO,BOLIVAR Y 10 DE AGOSTO,Segunda,2574083,,,Bar,Recreación y Ocio,
289,CASA TINKU,LOURDES 14-75 E/ BOLÍVAR Y SUCRE ,Tercera,97009605,,casatinku@hotmail.com,Bar,Recreación y Ocio,
290,COVACHA LA,OLMEDO Y MIGUEL RIOFRIO,Tercera,97022660,,,Bar,Recreación y Ocio,
291,CHAMPIN,Av. EUGENIO ESPEJO Y CALICUCHIMA,Tercera,91476985,,,Bar,Recreación y Ocio,
292,CHONTA LA,OLMEDO Y 10 DE AGOSTO,Tercera,2571816,,julioespinozab@yahoo.es,Bar,Recreación y Ocio,
293,D' GOOSS,BOLÍVAR Y CELICA,Tercera,80216253,,DIEGOVINICIOSISALIMACAJILIMA@yahoo.ec,Bar,Recreación y Ocio,
294,DESAHOGOS,AV. EDUARDO KIGMAN Y GONZANAMÁ,Tercera,,,,Bar,Recreación y Ocio,
295,DISCORDIA GALERÍA CAFÉ B,MIGUEL RIOFRIO E/ BOLÍVAR Y BERNARDO ,Tercera,99208350,,,Bar,Recreación y Ocio,
296,ESCONDITE EL,LUIS MOREIRA INTRIAGO Y EDUARDO MORA M.,Tercera,86160730,,josemedina2479@hotmail.com,Bar,Recreación y Ocio,
297,FUTBOLERO EN TV EL,SUCRE E/ GONZANAMÁ Y CELICA,Tercera,81311529,,elfutbolero_loja@hotmail.com,Bar,Recreación y Ocio,
298,LIBAR,24 DE MAYO E/ JOSÉ ANTONIO EGUIGUREN Y 10 DE AGOSTO,Tercera,2581836,,jennybus65@hotmail.com,Bar,Recreación y Ocio,
299,HAWAYANO MAUNO LOA,18 DE NOVIEMBRE 16-99 e/CÉLICA Y GONZANAMÁ,Tercera,2589289,,maunoloabar@hotmail.com,Bar,Recreación y Ocio,
300,ONIX'S,BERNARDO VALDIVIESO 11-21 Y AZUAY,Tercera,2578946,,,Bar,Recreación y Ocio,
301,OZEANZ,SUCRE 13-38 Y LOURDES,Tercera,2588933,82898014,ozeanz@hotmail.com,Bar,Recreación y Ocio,
302,PANTERA,BRUSELAS Y PARÍS,Tercera,84182230,2581324,,Bar,Recreación y Ocio,
303,PRO-BAR,SUCRE Y CELICA ESQ.,Tercera,2580159,85828432,,Bar,Recreación y Ocio,
304,RIOJA ,AV. OCCIDENTAL Y CLOTARIO PAZ,Tercera,2573973,81234406,,Bar,Recreación y Ocio,
305,ROSSO,ZOILO RODRÍGUEZ 02-03 Y AV. 24 DE MAYO,Tercera,,,,Bar,Recreación y Ocio,
306,SIEMBRA LA,AV. 24 DE MAYO (PROLONGACION),Tercera,,,,Bar,Recreación y Ocio,
307,TURCO EL,MERCADILLO 14-28 E/ SUCRE Y BOLÍVAR,Tercera,97702278,,,Bar,Recreación y Ocio,
308,FUEGO LA,AV. PIO JARAMILLO ALVARADO 29-28 Y ADAM SMITH,Tercera,,92949542,jamie8fra@yahoo.es,Bar,Recreación y Ocio,
309,BUCARO,COLON 14-30 Y BOLIVAR,Primera,98852250,,luisviteri61@hotamil.com,Casino,Recreación y Ocio,
310,CINEMAX,AV. SALVADOR BUSTAMANTE CELI,,,,,Cine,Recreación y Ocio,
311,HIPERVALLE,AV. SALVADOR BUSTAMANTE CELI,,,,,Supermercado,Recreación y Ocio,
312,SUPERMAXI,18 DE NOVIEMBRE,,,,,Supermercado,Recreación y Ocio,
313,ABAD CASTILLO,JOSE A. EGUIGUREN 16-62 Y AV. UNIVERSITARIA,Dualidad,2572603,2570075,abad_castravel@yahoo.es,Agencia de Viaje,Recreación y Ocio,
314,ALVAREZ TRAVEL,BERNARDO VALDIVIESO 06-76 E/ COLÓN Y JOSÉ ANTONIO EGUIGUREN,Dualidad,2584295,2561645,vflores@atlantistravel.com.ec,Agencia de Viaje,Recreación y Ocio,
315,APOLO CAMPOVERDE,10 DE AGOSTO  15-50 Y SUCRE,Dualidad,2584589,2584461,bbtravel20@yahoo.com,Agencia de Viaje,Recreación y Ocio,
316,ARATINGA AVENTURAS,BERNARDO VALDIVIESO  11-71 Y MERCADILLO,Dualidad,2570334,2586805,sisacunatours@gmail.com,Agencia de Viaje,Recreación y Ocio,
317,ATLANTIS TRAVEL FEC,BOLIVAR E/ IMBABURA Y QUITO 05-47,Dualidad,,2589507,cperegrinacion@yahoo.es,Agencia de Viaje,Recreación y Ocio,
318,B & B TRAVEL,AV. EMILIANO ORTEGA 13-75 Y LOURDES,Dualidad,2581618,,,Agencia de Viaje,Recreación y Ocio,
319,BLAUE BERGE,18 DE NOVIEMBRE Y LOURDES,Dualidad,2575323,,,Agencia de Viaje,Recreación y Ocio,
320,BOMBUSCARO,BOLIVAR Y MIGUEL RIOFRIO ESQ.,Dualidad,85400848,2563437,jctravelloja@yahoo.es,Agencia de Viaje,Recreación y Ocio,
321,CENTRO DE PEREGRINACIONES MARÍA REINA DE LA PAZ,AZUAY 13-44 Y BOLÍVAR,Dualidad,2561149,,,Agencia de Viaje,Recreación y Ocio,
322,CIUDAD DE LOJA,10 DE AGOSTO CENTRO COMERCIAL VALTO OFI.21,Dualidad,,2585849,sead_cont_tour@hotmail.com,Agencia de Viaje,Recreación y Ocio,
323,DELGADO TRAVEL,COLON 14-30 Y BOLIVAR,Dualidad,2571443,2588014,vilcatur-ventas@grupoecuatorial.com,Agencia de Viaje,Recreación y Ocio,
324,ECOTEL TRAVEL,COLON 14-41 E/ SUCRE Y BOLIVAR,Internacional,2581832,2563392,alvarez_travel01@yahoo.com,Agencia de Viaje,Recreación y Ocio,
325,FIRENTUR (SUC LOJA),ROCAFUERTE 13-44 Y BOLÍVAR,Internacional,2574597,2585479,silvialcp@hotmail.com,Agencia de Viaje,Recreación y Ocio,
326,GASATUR,BERNARDO V. 08-30 E/ 10 DE AGOSTO Y ROCAFUERTE,Internacional,,2582604,agenciapasajes.loj@hotmail.com,Agencia de Viaje,Recreación y Ocio,
327,HOOVERTOURS,AV. MARCELINO CHMPAGNAT (CAMPUS UTPL),Internacional,2588715,2588716,counterloja@firentur.com.ec,Agencia de Viaje,Recreación y Ocio,
328,JC TRAVEL,MIGUEL RIOFIO 14-09 Y BOLIVAR ESQ.,Internacional,2575701,2573724,gasatur@speedtelecom.net.ec,Agencia de Viaje,Recreación y Ocio,
329,LINEWORLD ,BERNARDO VALDIVIESO Y CARIAMANGA ESQ.,Internacional,,2577955,jl_quezada@yahoo.com,Agencia de Viaje,Recreación y Ocio,
330,NEPTU TRAVEL,10 DE AGOSTO 1173 Y OLMEDO,Internacional,2587551,,,Agencia de Viaje,Recreación y Ocio,
331,PODOCARPUS TRAVEL,BOLÍVAR E/ MERCADILLO Y LOURDES,Internacional,2588010,,,Agencia de Viaje,Recreación y Ocio,
332,REYCARTURIS,MIGUEL RIOFRÍO 10-09 Y JUAN JOSE PEÑA,Internacional,,2574926,telecontur@gmail.com,Agencia de Viaje,Recreación y Ocio,
333,SEAD & CONT TOUR ,MIGUEL RIOFRIO 14-66 Y BOLIVAR,Internacional,2571417,,,Agencia de Viaje,Recreación y Ocio,
334,STAR TOURISM,LOURDES 14-80 E/ SUCRE Y BOLIVAR,Operadora,,2582434,info@exploraves.com   avearatinga@yahoo.es,Agencia de Viaje,Recreación y Ocio,
335,TELECONTUR,10 DE AGOSTO Y AV. UNIVERSITARIA,Operadora,,2589293,bombus@bombuscaro.com.ec,Agencia de Viaje,Recreación y Ocio,
336,TITANITRAVEL,CIUDADELA EL MAESTRO II PORTUGAL Y FILIPINAS ,Operadora,2560988,,,Agencia de Viaje,Recreación y Ocio,
337,VILCATUR,SUCRE 13-101 Y CATACOCHA,Operadora,97905717,,susanasotomayorder@hotmail.com,Agencia de Viaje,Recreación y Ocio,
